heavy,light,label
E V Q L V E S G G G L V Q P G G S L R L S C A A S G F T F S S Y D M H W V R Q A T G K G L E W V S A I G T A G D T Y Y P G S G K G R F T I S R E N A K N S L Y L Q M N S L R A G D T A V Y Y C A R A R P V G Y C S G G L G C G A F D I W G Q G T M V T V S S , S Y E L T Q P P S V S V S P G Q T A R I T C S G D A L P K Q Y A Y W Y Q H K P G Q A P V L V I Y K D S E R P S G I P E R F S G S S S G T T V T L T I S G V Q A E D E A D Y Y C Q S A D S S G T Y V V F G G G T K L T V L ,1
Q V Q L Q E S G P G L V K P S E T L S L T C A V S G Y S I S S G Y Y W G W I R Q P P G K G L E W I G S I Y H S G S T Y Y N P S L K S R V T I S V D T S K N Q F S L K L S S V T A A D T A V Y Y C A R Y C G G D C Y Y V P D Y W G Q G T L V T V S S , S Y E L T Q P P S V S V S P G Q T A S I T C S G D K L G D K Y A C W Y Q Q K P G Q S P V L V I Y Q D S K R P S G I P E R F S G S N S G N T A T L T I S G T Q A M D E A D Y Y C Q A W D S S T E V V F G G G T K L T V L ,0
Q V Q L Q E S G P G L V K P S E T L S L T C T V S G G S I S S Y Y W S W I R Q P P G K G L E W I G Y I Y Y S G S T N Y N P S L K S R V T I S V D T S K N Q F S L K L S S V T A A D T A V Y Y C A R C G Y S G Y D A W G T Y N W F D P W G Q G T L V T V S S , Q S A L T Q P A S V S G S P G Q S I T I S C T G T S N D I G T Y N Y V S W F Q Q H P G S A P K L L I S A V S D R P S G V S Y R F S G S K S A N T A S L T I S G L Q A E D E A D Y Y C S S Y T S S R T Y V F G T G T K V T V L ,0
E V Q L V E S G G G L I Q P G G S L R L S C A A S G F T V F S N Y M S W V R Q A P G K G L E W V S G L Y S G G N T Y Y A D S V K G R F T I S R D N S K N T L Y L E M N S L K T D D T A V Y Y C A R G G G V G S G W Y D G A F D I W G Q G T M V T V S S , D I Q M T Q S P S S L S A S V G D R V T I I C Q A S Q D I S N Y L N W Y Q Q K P G K A P K L L I Y D A S N L E T G V P S R F S G S G S G T D F T F I I S S L Q P E D I A T Y Y C Q Q Y D N L L F T F G G G T K V E I K ,1
Q V Q L Q Q S G P G L V K P S Q T L S L T C A I S G D S V S S N S A A W N W I R Q S P S R G L E W L G R T Y Y R S K W Y N D Y A V S V K S R I T I N P D T S K N Q F S L Q L N S V T P E D T A V Y Y C A R E V R D T A M V G I D Y W G Q G T L V T V S S , E I V L T Q S P G T L S L S P G E R A T L S C R A S Q S V S S S Y L A W Y Q Q K P G Q A P R L L I Y G A S S R A T G I P D R F S G S G S G T D F T L T I S R L E P E D F A V Y Y C Q Q Y G S S R P G M Y T F G Q G T K L E I K ,1
E V Q L V E S G G G L V Q P G G S M R L S C A A S G F S F S S Y W M S W V R Q A P G K G L E W V A N I K Q D E S E K Q Y V D S V K G R F T I S R D N A K N S L Y L Q M N S L R V E D T A V Y Y C A R D R R G S Y F M F D Y W G Q G T L V T V S S , D I V M T Q S P D S L A V S L G E R A T I N C K S S Q S V L Y S S N N K N Y L A W Y Q Q K P G Q P P K L L I Y W A S T R E S G V P D R F S G S G S G T D F T L T I S S L Q A E D V A V Y Y C Q Q Y Y S T P L T F G G G T K V E I K ,0
E V Q L L E S G G G L V Q P G G S L R L S C A A S G F I F G N Y A M S W V R Q A P G K G L E W V S T I T S V S T S I Y Y A D S V R G R L T I S R D N S E N T L Y L Q M N G L R A D D T A V Y Y C A R V P A R Q W L L S R Y F D L W G R G T L V T V S S , D I V L T Q S P G T L S L S P G E R A T L S C R A S V S L T S T F L A W Y Q Q K P G Q A P R L L I Y G A S S R A T G V P D R F S G S G S G T D F T L T I S R L E P E D F A V Y Y C Q Q Y V G S P G T F G Q G T K V D I K ,1
Q V Q L E Q S E S E L E T P G A S V T I S C K A S G T S L S N S Y A V T W V R Q A P G Q G L E W M G W I D T N T G V P T Y A P G S T G R F L F S L D M S V N T A F L Q I P S L R I E D T G F Y Y C A R V P L A M T S A W S W G P K R T S A K W F D P W G Q G T L V S V S S , S A L T Q P R S V S G S P G Q S V T I S C T G T S G D V G G Y D F V S W Y Q H R P G K A P R L I I Y D V N Q R P S G V P G R F S G S K S R F T A S L T I S G L Q A D D E A D Y Y C S S Y A G G S T H L I G T G T A V T V ,1
Q V Q L Q E S G P G L V K P S E T L S L T C T V S G G S I N S Y Y W S W I R Q P P G K G L E W I G Y F Y Y S G S T N Y N P S L E S R V S I S L G P S K N Q F S L R L S S V T A A D T A V Y Y C A R V A M T T A V T D W G Q G T L V T V S S , S Y V L T Q P P S V S V A P G Q T A W I T C G G N N I G S K S V H W Y Q Q K P G Q A P V L V V Y G D S D R P S G S P E R F S G S N S G N T A T L T I S R V E A G D E A D Y Y C Q L W H S S T D H V V F G G G T K L T V L ,1
E V Q L V Q S G A E V K K P G E S L R I S C K G S G Y R F L S Y W I S W V R Q T P G K G L E W M G K I N P S D S Y T N Y S P S F Q G H V T M S A D R S T S T A Y L Q W S S L K A S D T A M Y Y C A R H L H S S S W Y L F D Y W G Q G I P V T V S S , E I V L T Q S P G T L S L S P G E T A T L S C R A S Q S V S S N Y L A W Y Q Q I P G Q A P S L L I Y G A S S R A T G I P D R F S G S G S G T D F T L T I S R L E P E D F A V Y Y C Q Q Y G S S P G T F G Q G T K V E I K ,1
Q V Q L V Q S G A E V K K P G S S V K V S C K A S G G T F S S Y T I S W V R Q A P G Q G L E W M G R I I P I L G I A N Y A Q K F Q G R V T I T A D K S T S T A Y M E L S S L R S E D T A V Y Y C A R G I A V A G R S Y F Q H W G Q G T L V T V S S , E I V L T Q S P G T L S L S P G E R A T L S C R A S Q S V S S S Y L A W Y Q Q K P G Q A P R L L I Y G A S S R A T G I P D R F S G S G S G T D F T L T I S R L E P E D F A V Y Y C Q Q Y G S S P P W T F G Q G T K V E I K ,1
V Q L V Q S G A E M K K P G A S V T V S C Q A S G Y S F T S Y D I H W L R Q A T G Q G F E W V G W V S P K S G K T G Y A K K F Q G R V T M T G N T S I T T A Y M E L N S L T S E D T A V Y Y C T R V R S I F G V L R Y W F D S W G Q G T L V T V S S , E I V L T Q S P G T L S L S P G E R A T L S C R A S Q S V S S S Y L A W Y Q Q K P G Q A P R L L I Y G A S S R A T G I P D R F S G S G S G T D F T L T I S R L E P E D F A V Y Y C Q Q Y G S S P T F G Q G T K V E I K ,0
Q V Q L Q E S G P G L V K P S E T L S L T C T V S G G S I S S Y Y W S W I R Q P A G K G L E W I G R I Y T S G S T N Y N P S L K S R V T M S V D T S K N Q F S L K L S S V T A A D T A V Y Y C V C G L S S S W Y N W F D P W G Q G T L V T V S S , D I Q M T Q S P S S L S A S V G D R V T I T C R A S Q S I S S Y L N W Y Q Q K P G K A P K L L I Y A A S S L Q S G V P S R F S G S G S G T D F T L T I S S L Q P E D F A T Y Y C Q Q S Y S T P R T F G Q G T K V E I K ,1
Q V Q L V E S G G G V V Q P G R S L R L S C A A S G F T F S S Y G M H W V R Q A P G K G L E W V A V I S Y D G S N K Y Y A D S V K G R F T I S R D N S K N T L Y L Q M N S L R A E D T A V Y Y C A K A P E S Y G D Y G F D Y Y Y G M D V W G Q G T T V T V S S , N F M L T Q P H S V S E S P G K T V T I S C T R S S G S I A S N Y V Q W Y Q Q R P G S A P T T V I Y E D N Q R P S G V P D R F S G S I D S S S N S A S L T I S G L K T E D E A D Y Y C Q S Y D S S N P G V F G G G T K L T V L ,1
E V E L L E S G G G L V Q P G G S L R L S C A A S G F T F S S Y V M S W V R Q A P G K G L E W V S A I T G S G E S T Y Y A D S V K G R F T I S R D N S K N T L F L Q M N S L R A D D T A I Y Y C A K D L L R W L Q P F D Y W G Q G S L V T V S S , Q S A L T Q P A S V S G S P G Q S I T I S C T G T S S D I G G Y D Y V S W Y Q Q H P G K A P K L I I Y D V S N R P S G V S N R F S G S K S G N T A S L T I S G L Q A E D E A A Y Y C S S Y T G S A T L V I F G G G S N L T V L ,1
E L Q L V E S G G G L V Q P G G S L R L S C A A S G F T F S S F A M S W V R Q A P G E G L E W V A S I R S P G D K T Y Y A D S V K G R F T L S R D N S K N T L T L Q M N S L G A D D T A T Y Y C A K A N T G Y Y V D H W G L G T V V T V S S , S Y E L T Q P P S V S V S P G Q T A S I T C S G D K L G D K Y A C W Y Q Q K P G Q S P V L V I Y Q D S K R P S G I P E R F S G S N S G N T A T L T I S G T Q A M D E A D Y Y C Q A W D S S V V F G G G T K L T V L ,0
Q V Q L V Q S G A E V K K P G A S V K V S C K A S G Y T F T S Y G I S W V R Q A P G Q G L E W M G W I S A Y N G N T N Y A Q K L Q G R V T M T T D T S T S T A Y M E L R S L R S D D T A V Y Y C A R D G W R R Y S Y G Y H Y F D Y W G Q G T L V T V S S , D I Q M T Q S P S T L S A S V G D R V T I T C R A S Q S I S S W L A W Y Q Q K P G K A P K L L I Y K A S S L E S G V P S R F S G S G S G T E F T L T I S S L Q P D D F A T Y Y C Q Q Y N S Y P Y T F G Q G T K L E I K ,1
Q V Q L V E S G G G L V K P G G S L R L S C A A S G F T F S D Y Y M S W I R Q A P G K G L E W V S Y I S S S G S T I Y Y A D S V K G R F T I S R D N A K N S L Y L Q M N S L R A E D T A V Y Y C A R E G P V A M A W A D W G Q G T L V T V S S , I Q M T Q S P S S L S A S V G D T V I L T C R A S Q D I R D D L A W Y Q Q K P G K A P K L L I Y A V S S L Q S G V P S R F S G G G S G T D F T L T I S S L Q P E D F A T Y Y C Q Q D Y S Y P V T F G P G T T V D I K ,0
E V Q L V E S G G G L V Q P G G S L R L S C A A S G F T F S N Y W M H W V R Q A P G K G L V W V S R I D S D G G T T S Y A D S V K G R F A I S R D N A N N K V Y L Q M N S L G V E D T A V Y Y C V R D A P P G R F D P W G Q G I L V T V S S , D I Q M T Q S P S S L S A S V G D R V T I T C R A S Q T I S N Y L N W Y Q Q K P G K A P K L L I Y A A S I L Q S P V P S R F S G S G S G T D F T L T I S S L Q P E D V A T Y Y C Q Q S Y T T V L Y T F G Q G T Q L E I K ,1
E V Q L V Q S G A E V K K P G E S L R I S C K G S G Y S F T S Y W I S W V R Q M P G K G L E W M G R I D P S D S Y T N Y N P S F Q G H V T M S A D K S I S T A Y L Q W N S L K A S D T A M Y Y C A R T Y D T G G Y V P S H W G Q G T L V T L S S , S S E L T Q D P A V S V A L G Q T V R I T C Q G D S L R S Y Y A S W Y Q Q K P G Q A P V L V I Y G K N N R P S G I P D R F S G S S S G N T A S L T I T G A Q A E D E A D Y Y C N S R D S S G N H W V F G G G T K L T V L ,0
E V Q L V E S G G G L V Q P G G S L R L S C A A S G F T F S S Y W M S W V R Q A P G K G L E W V A N I K Q D G S E K Y Y V D S V K G R F T I S R D N A K N S L Y L Q M N S L R A E D T A V Y Y C A R W I R I N Y F D Y W G Q G T L V T V S S , N F M L T Q P H S V S E S P G K T V T I S C T R S S G S I A S N Y V Q W Y Q Q R P G S S P T T V I Y E D N Q R P S G V P D R F S G S I D S S S N S A S L T I S G L K T E D E A D Y Y C Q S Y D S S N P H V V F G G G T K L T V L ,1
Q V Q L V E S G G G V V Q P G G S L R L S C A A S G F T F S N F G M H W V R Q A P G K G L E W V S F I Q Y D G S N K N Y G E S V K G R F T V S R D N S K N T V H L Q M N S L S A E D T A V Y Y C A K D W Y Y Y G L G S P R G Y Y L D Y W G Q G S L V T V S , Q S A L T Q P A S V S G S P G Q S I T I S C T G T S S D V G G S D Y V S W Y Q Q H P G K A P K L I I Y E V I Y R P S G V S H R F S G S R S G N T A S L T I S G L Q A E D E S H Y Y C S S Y T S A T T L L I F G G G T K L T V L ,1
E V Q L L E S G G G L V Q P G G S L R L S C A A S G F T F S S Y A M S W V R Q A P G K G L E W V S A I S G S G G S T Y Y A D S V K G R F T I S R D N S K N T L Y L Q M N S L R A E D T A V Y Y C A K D G F W S G S S F D Y W G Q G T L V T V S S , D I Q M T Q S P S S L S A S V G D R V T I T C R A S Q S I S S Y L N W Y Q Q K P G K A P K L L I Y A A S S L Q S G V P S R F S G S G S G T D F T L T I S S L Q P E D F A T Y Y C Q Q S Y S T P F T F G P G T K V D I K ,0
Q V Q L Q E S G P G L V K P S G T L S L T C A V S G G S I S S S N W W S W V R Q P P G K G L E W I G E I Y H S G S T N Y N P S L K S R V T I S V D K S K N Q F S L K L S S V T A A D T A V Y Y C A R A P S G Y S S G W P G R G I D Y W G Q G T L V T V S S , A I R M T Q S P S S F S A S T G D R V T I T C R A S Q G I S S Y L A W Y Q Q K P G K A P K L L I Y A A S T L Q S G V P S R F S G S G S G T D F T L T I S C L Q S E D F A T Y Y C Q Q Y Y S Y P R T F G Q G T K V E I K ,0
Q V Q L V Q S G A E V K K P G A S V K V S C K A S G Y T F T S Y G I S W V R Q A P G Q G L E W M G W I S A Y N G N T N Y A Q K L Q G R V T M T T D T S T S T A Y M E L R S L R S D D T A V Y Y C A S H K Y S S G F L F D Y W G Q G T L V T V S S , D I Q M T Q S P S S L S A S V G D R V T I T C R A S Q S I S S Y L N W Y Q Q K P G K A P K L L I Y A A S S L Q S G V P S R F S G S G S G T D F T L T I S S L Q P E D F A T Y Y C Q Q S Y S T P Y T F G Q G T K L E I K ,0
Q V Q L V Q S G A E V K K P G A S V K V S C K A S G Y T F T S Y G I S W V R Q A P G Q G L E W M G W I S A Y N G N T N Y A Q K L Q G R V T M T T D T S T S T A Y M E L R S L R S D D T A V Y Y C A R D S L R Y F D W L L Y E A W K I G A F D I W G Q G T M V T V S S , D I Q M T Q S P S S L S A S V G D R V T I T C Q A S Q D I S N Y L N W Y Q Q K P G K A P K L L I Y D A S N L E T G V P S R F S G S G S G T D F T F T I S S L Q P E D I A T Y Y C Q Q Y D N L P H T F G Q G T K L E I K ,1
Q V Q L Q E S G P G L V K P S E T L S L T C T V S G G S I S S Y Y W S W I R Q P P G K G L E W I G Y I Y Y S G S T N Y N P S L K S R V T I S V D T S K N Q F S L K L S S V T A A D T A V Y Y C A R G I A V A G N P P G A F D I W G Q G T M V T V S S , D I Q M T Q S P S S L S A S V G D R V T I T C R A S Q S I S S Y L N W Y Q Q K P G K A P K L L I Y A A S S L Q S G V P S R F S G S G S G T D F T L T I S S L Q P E D F A T Y Y C Q Q S Y S R T F G P G T K V D I K ,0
E V Q L V E S G G G L V Q P G W S L R L S C A A S G F T F D A Y A M H W V R Q P P G K G L E W V S G I T F N S G Y I A Y A D S V K G R F T I S R D N A E N S L Y L Q M N N L K P E D T A L Y Y C A K D G S G S S W Y E F D F W G Q G A L V T V S S , S F E L T Q P P S V S V S P G Q T A S I T C S G D K L G D K Y V Y W Y Q Q K P G Q S P V L V I Y R D T K R P S G I P E R F S G S N S G N T A T L T I S G T Q A M D E A D Y Y C Q A W D R S T A H Y V F G T G T K V T V L ,1
E V Q L L E S G G G L V Q P G G S L R L S C A A S G F T F S N Y A M S W V R Q A P G K G L E W V S S I S T S G I N T Y Y P D S V K G R F S I S R D N S K N T L Y L Q M N S L R A E D T A V Y Y C A R R A A P R T A G G F D Y W G P G T L V T V S S , D I Q M T Q S P S S L S A S V G D R V T I T C Q A S Q D I S N Y L N W Y Q Q K P G K A P K L L I Y D A S N L E T G V P S R F S G S G S G T D F T F T I S S L Q P E D I A T Y Y C Q Q Y D N L P S T F G Q G T K L E I K ,0
Q V Q L V Q S G S E L K K P G A S V K V S C K A S G Y T F T S Y A M N W V R Q A P G Q G L E W M G W I N T N T G N P T Y A Q G F T G R F V F S L D T S V S T A Y L Q I S S L K A E D T A V Y Y C A R D L V G S D F D W L L H T F D Y W G Q G T L V T V S S , S S E L T Q D P A V S V A L G Q T V R I T C Q G D S L R S Y Y A S W Y Q Q K P G Q A P V L V I Y G K N N R P S G I P D R F S G S S S G N T A S L T I T G A Q A E D E A D Y Y C N S R D S S G N H R R V V F G G G T K L T V L ,1
Q V Q L Q Q W G A G L L K P S E T L S L T C G V Y G G S F S G Y Q W S W I R Q S P G K G L E W I G E I N H S G S T K Y N P S L K S R L T I S V D T S K N Q F S L K L N S V T A A D T A V Y Y C A R E P S T G W A N F N W F D P W G Q G T L V T V S S , Q A G L T Q P P S V S K G L R Q T A T L T C T G N S N N V G N Q G A A W L Q Q H Q G H P P K L L S Y R N N N R P S G I S E R F S A S R S G N T A S L T I T G L Q P E D E A D Y Y C S A W D S S L S A H Q V V F G G G T K L T V L ,0
Q L Q L Q E S G S G L V K P S Q T L S L T C A V S G G S I S S G G Y S W S W I R Q P P G K G L E W I G Y I Y H S G S T Y Y N P S L K S R V T I S V D R S K N Q F S L K L S S V T A A D T A V Y Y C A R G G C S S T S C Y N A F D I W G Q G T M V T V S S , D I Q M T Q S P S T L S A S V G D R V T I T C R A S Q S I S S W L A W Y Q Q K P G K A P K L L I Y K A S S L E S G V P S R F S G S G S G T E F T L T I S S L Q P D D F A T Y Y C Q Q Y N S Y L S T F G Q G T K L E I K ,1
Q V Q L V Q S G A E V K K P G A L V K V S C K A S G Y R F T D Y Y I H W V R Q A P G Q G L E W M G V I N P T G G S T T Y A Q K F Q D R V T M T R D T S T S T V Y M E L S S L R S E D T A V Y Y C T R R G R S S S W Y Y F D Y W G Q G T K V T V S S , D I Q M T Q S P S S L S A S V G D R V T I I C R A S Q S I S T Y L N W Y Q Q E P G K A P K L L I Y A A S S L Q R G V P S R F T G S G S G T D F T L T I S N L Q P E D F A T Y Y C Q Q T Y S T P P E T F G Q G T K V E I K ,1
Q L Q L Q E S G P G L V K P S E T L S L T C T V S G G S I S S S S Y Y W G W I R Q P P G K G L E W I G S I Y Y S G S T Y Y N P S L K S R V T I S V D T S K N Q F S L K L S S V T A A D T A V Y Y C A R L S A S Y G S G S Y Y A A H F D Y W G Q G T L V T V S S , Q S A L T Q P A S V S G S P G Q S I T I S C T G T S S D V G S Y N L V S W Y Q Q H P G K A P K L M I Y E V S K R P S G V S N R F S G S K S G N T A S L T I S G L Q A E D E A D Y Y C C S Y A G S S T S M F G G G T K L T V L ,1
Q V T L K E S G P A L V K P T Q T L T L T C T F S G F S L S T S G M R V S W I R Q P P G K A L E W L A R I D W D D D K F Y S T S L K T R L T I S K D T S K N Q V V L T M T N M E P V D T A T Y Y C A R H Q Y G S G S L M D F W G Q G T T V T V S S , Q S V L T Q P P S V S G A P G Q R V T I S C T G S S S N I G A G Y D V H W Y Q Q L P G T A P K L L I Y T N S D R P S G V P D R F S G S K S G T S A S L A I T G L Q A E D E A D Y Y C Q S Y D S S L S G S V F G G G T K L T V L ,1
Q V T L R E S G P A L V K P T Q T L T L T C T F S G F S L S T S G M C V S W I R Q P P G K A L E W L A R I D W D D D K Y Y S T S L K T R L T I S K D T S K N Q V V L T M T N M D P V D T A T Y Y C A R N Y G S G S Y Y N G N D Y Y Y Y Y G M D V W G Q G T T V T V S S , D I Q L T Q S P S F L S A S V G D R V T I T C R A S Q G I S S Y L A W Y Q Q K P G K A P K L L I Y A A S T L Q S G V P S R F S G S G S G T E F T L T I S S L Q P E D F A T Y Y C Q Q L N S Y P T F G Q G T R L E I K ,1
Q V Q L V Q S G A E V K K P G A S V K V S C K A S G Y T F T S Y G I S W V R Q A P G Q G L E W M G W I S A Y N G N T N Y A Q K L Q G R V T M T T D T S T S T A Y M E L R S L R S D D T A V Y Y C A S W V W F G E W P P I G D Y W G Q G T L V T V S S , E I V L T Q S P A T L S L S P G E R A T L S C R A S Q S V S S Y L A W Y Q Q K P G Q A P R L L I Y D A S N R A T G I P A R F S G S G S G T D F T L T I S S L E P E D F A V Y Y C Q Q R S N W P R R T F G Q G T K V E I K ,1
Q V Q L V Q S G A E V K K P G A S V K V S C K A S G Y T F T S Y G I S W V R Q A P G Q G L E W M G W I S A Y N G N T N Y A Q K L Q G R V T M T T D T S T S T A Y M E L R S L R S D D T A V Y Y C A R D T Y T A M V I G V P Q P P D Y W G Q G T L V T V S S , E I V L T Q S P G T L S L S P G E R A T L S C R A S Q S V S S S Y L A W Y Q Q K P G Q A P R L L I Y G A S S R A T G I P D R F S G S G S G T D F T L T I S R L E P E D F A V Y Y C Q Q Y G S S P R T F G Q G T K V E I K ,1
E V Q L V E S G G G L V Q P G G S L R L S C A A S G F T F S S Y W M T W L R Q A P G E G L E W V A R I N L D G S E K Y S V D S V K G R F T I S R E N A K N S L Y L Q M N N L R V E D T A V Y Y C A R L R G F S N G P G R R F D S W G Q G T L V T V S S , Q S A L T Q P A S V S G S P G Q S I T I S C A G T S S D V G T Y D Y V S W Y Q H H P G K A P K L M I Y D V S N R P S G V S N R F S G S K S G N T A S L T I S G L Q A E D E A A Y Y C S S Y T S S S T L V V F G E G T I L T V L ,1
Q V Q L Q Q W G A G L L K P S E T L S L T C A V Y G G S F S G Y Y W S W I R Q P P G K G L E W I G E I N H S G S T N Y N P S L K S R V T I S V D T S K N Q F S L K L S S V T A A D T A V Y Y C A R G V R G I L R Y F D W Q N Y F D Y W G Q G T L V T V S S , S S E L T Q D P A V S V A L G Q T V R I T C Q G D S L R S Y Y A S W Y Q Q K P G Q A P V L V I Y G K N N R P S G I P D R F S G S S S G N T A S L T I T G A Q A E D E A D Y Y C N S R D S S G N H R N V F G T G T K V T V L ,1
Q V Q L Q E S G P G L V K P S E T L S L T C T V S G G S I S S Y Y W S W I R Q P P G K G L E W I G Y I Y Y S G S T N Y N P S L K S R V T I S V D T S K N Q F S L K L S S V T A A D T A V Y Y C A R G A L N Y G D F G Y Y F D Y W G Q G T L V T V S S , A I R M T Q S P S S F S A S T G D R V T I T C R A S Q G I S S Y L A W Y Q Q K P G K A P K L L I Y A A S T L Q S G V P S R F S G S G S G T D F T L T I S C L Q S E D F A T Y Y C Q Q Y Y S Y P W T F G Q G T K V E I K ,1
E V Q L V E S G G G L V K P G G S L R L S C A A S G F T F S S Y S M N W V R Q A P G K G L E W V S S I S S S S S Y I Y Y A D S V K G R F T I S R D N A K N S L Y L Q M N S L R A E D T A V Y Y C A R F Y V D T G G H F D Y W G Q G T L V T V S S , D I Q M T Q S P S S L S A S V G D R V T I T C R A S Q S I S S Y L N W Y Q Q K P G K A P K L L I Y A A S S L Q S G V P S R F S G S G S G T D F T L T I S S L Q P E D F A T Y Y C Q Q S Y S T P G T F G Q G T K L E I K ,0
Q P H L Q E S G S T L V K P S Q T L S L T C A V S G D S V S R G E Y S W G W I R Q P P G K G L E W I G Y I Y H S G V T S Y K P S L R S R V G I S M D R T K N Q F S L R L T S V T A A D T A I Y Y C A R G R D Y S Q S S S Y N W F D P W G Q G T L V A V S S , S Y V L T Q P P S V S V A P G Q T A R I P C G G T N I G T K N V H W Y Q Q K P G Q A P M M V I S D D R D R P S G I P E R F S G S N F G N T A T L T I S R V D A G D E A D Y Y C Q V Y D E S S D D Y V F G T G T K V T V L ,1
E V Q L V E S G G G L G K P G G S L R L S C A A S G F T F S S F T M S W V R Q A P G K G L E W V S S I N S R S N T I D Y A D S V K G R F T I S R D N A Q N S L F L Q I D S L G A E D T A V Y Y C A R V L G G G Y S G Y D Y F D F W G Q G T L V T V S S , D I Q M T Q S P S S L S A S V G D R V T I T C R A S Q N I N R H L N W Y Q Q K P G K A P K V V I Y A T S S L Q S G V P S R F S G S G S G T D F A L T I S S L Q P E D F A T Y Y C Q Q S Y S T L Y T F G Q G T K L E I K ,1
Q V Q L V Q S G A E V K K P G A S V K V S C K A S G Y T F T S Y A M H W V R Q A P G Q R L E W M G W I N A G N G N T K Y S Q K F Q G R V T I T R D T S A S T A Y M E L S S L R S E D T A V Y Y C A R V A G V F W S G S R A W F D P W G Q G T L V T V S S , D I Q M T Q S P S T L S A S V G D R V T I T C R A S Q S I S S W L A W Y Q Q K P G K A P K L L I Y K A S S L E S G V P S R F S G S G S G T E F T L T I S S L Q P D D F A T Y Y C Q Q Y N S Y S Y T F G Q G T K L E I K ,0
E V Q L V E S G E G L V Q P G G S L R L S C V A S G F T F S D H Y M D W V R Q A P G K G L E W V G R I R N K A N S Y T T D Y A A P V K G R F T I S R D D S K N S L Y L Q M N S L N I E D T A V Y Y C V G L S H D S R G Y W F H D Y W G Q G T L V T V S S , Q S A L T Q P R S V S G S P G Q S V T I S C T G T S S N V G G Y D Y I S W Y Q H H P G K A P K L M I Y D V T K R P S G V P D R F S G S K S G N T A S L T I S G L Q G E D E A D Y Y C C S Y A G I D T F Y V F G T G T T V T V L ,0
E V Q L V E S G E R L V Q P G G S L R L S C A A S G F T F T R F S F N W V R Q A P G K G L E W L S Y I G E G G S S N I Q Y A D S V K G R F T I S R D N A R N S V Y L Q M N S L R A E D T A I Y Y C V R D F N W V F D Y W G Q G I L V T V S S , Q S A L T Q P R S V S E S P G Q S V T I S C T G T S S D V G S Y N Y V S W Y Q Q H P G K A P K L M I Y D V T E R P S G V P D R F S A S K S G N T A S L T I S G L Q A E D E A D Y Y C C S Y A G R Y S W V F G G G T K L T V L ,1
Q V H L V E S G G G V V Q P G R S L R L S C E A S G F S F S S Y G M Y W V R Q A P G K G L E W V S L I W F D G S K Q Y Y A D S V K G R F T I S R D N S K K T L Y L Q M D S L R P D D T A V Y Y C A K G E F W T G S S E Y F L Y W G Q G T L V T V S S , Q S A L T Q P A S V S G S P G Q S I T L S C T G T S N D V G G Y N F V S W Y Q Q H P G E A P R L L I Y D V N K R P S G V S D R F S G S K S G N S A S L T I S G L Q A E D E S D Y Y C C S Y A G S N T Y V F G P G T K V T V L ,1
Q V Q L Q E S G P G L V K P S Q T L S L T C T V S G G S I S S G S Y Y W S W I R Q P A G K G L E W I G R I Y T S G S T N Y N P S L K S R V T I S V D T S K N Q F S L K L S S V T A A D T A V Y Y C A R Q G R D G Y N L Y Y F D Y W G Q G T L V T V S S , E I V L T Q S P G T L S L S P G E R A T L S C R A S Q S V S S S Y L A W Y Q Q K P G Q A P R L L I Y G A S S R A T G I P D R F S G S G S G T D F T L T I S R L E P E D F A V Y Y C Q Q Y G S S R Y T F G Q G T K L E I K ,1
Q L Q L Q E S G P G L V K P S E T L S L T C T V S G G S I S S S S Y Y W G W I R Q P P G K G L E W I G S I Y Y S G S T Y Y N P S L K S R V T I S V D T S K N Q F S L K L S S V T A A D T A V Y Y C A R L D L V A T I D Y W G Q G T L V T V S S , Q S A L T Q P A S V S G S P G Q S I T I S C T G T S S D V G G Y N Y V S W Y Q Q H P G K A P K L M I Y D V S N R P S G V S N R F S G S K S G N T A S L T I S G L Q A E D E A D Y Y C S S Y T S S L V F G G G T K L T V L ,1
Q V Q L V Q S G A E V K K P G A S V K V A C E P S G Y T L N N Y G V S W V R Q A P G Q G L E W M G W I S G F N G N T K Y A E K F Q G R V T M A R D T S M T K V Y M E L R S L R S D D T A V Y Y C A R D H Q D T L N Y Y N G L D V W G Q G T T V T V S S , S F D L T Q P L S V S V A L G Q T A R I S C V G N Y I G I N S V H W Y Q Q K P G Q S P I L V I H T D N K R P S G I P E R L S G S K S G N T A T L T I S R V E A G D E A D Y Y C Q V W D I S A G L F G T G T K V T V L ,0
E V Q L V E S G G G L V Q P G G S L R L S C A A S G F T F S S Y S M N W V R Q A P G K G L E W V S Y I S S S S S T I Y Y A D S V K G R F T I S R D N A K N S L Y L Q M N S L R A E D T A V Y Y C A R R W E Y S S G W Y G G G A F D I W G Q G T M V T V S S , D I Q L T Q S P S F L S A S V G D R V T I T C R A S Q G I S S Y L A W Y Q Q K P G K A P K L L I Y A A S T L Q S G V P S R F S G S G S G T E F T L T I S S L Q P E D F A T Y Y C Q Q L N S Y P P A F G P G T K V D I K ,1
Q V Q L V Q S G A E V K K P G S S V K V S C K A S G G T F S S Y A I S W V R Q A P G Q G L E W M G G I I P I F G T A N Y A Q K F Q G R V T I T A D E S T S T A Y M E L S S L R S E D T A V Y Y C A R D K R I A A A G Y Y Y Y Y Y M D V W G K G T T V T V S S , Q S V L T Q P P S V S G A P G Q R V T I S C T G S S S N I G A G Y D V H W Y Q Q L P G T A P K L L I Y G N S N R P S G V P D R F S G S K S G T S A S L A I T G L Q A E D E A D Y Y C Q S Y D S S L S G S V F G G G T K L T V L ,1
Q V Q L V E S G G G V V Q P G R S L R L S C A A S G F T F S H Y A M H W V R Q A P G K G L E W V A V I S Y D E S N K Y Y A D S V K G R F T I S R D N S K N T L Y L Q M H S L R P D D T A V Y Y C A R E A I S G D Y S Y Y Y G V D V W G Q G T T V T V S S , Q S A L T Q P A S V S G S P G Q S I T I S C T G T S S D V G S Y N L V S W Y Q Q H P G K A P K L M I S E V D K R P S G V S N R F S G S K S G N T A S L T I S G L Q A E D E A D Y Y C C S Y A A G S T V I F G G G T R L T V L ,1
Q V Q L Q Q W G A G L L K P S E T L S L T C A V Y G G S F S G Y Y W S W I R Q P P G K G L E W I G E M N H S G R I N Y N P S L K S R V T I S V D T S K N Q F S L K L S S V T A A D T A V Y Y C A S V T G F Y R S Y W G Q G T L V T V S S , Q S V L T Q P P S A S G T P G Q R V T I S C S G S S S N I G S H Y V Y W Y Q Q L P G T A P K L L I Y D N N K R P S G V P D R F S G S K S G T S A S L A I S G L R S E D E A D Y Y C A A W H D S L S D F V L F G G G T K L T V L ,0
E M Q L V E S G G G L V Q P G G S L R L S C A A S G F T F S S Y E M N W V R Q A P G K G L E W I S Y I S S R G D N I Y Y A D S V K G R F T I S R D N A K N S L Y L Q M N S L R A E D T A V Y Y C A R D G V T D P L Y Y Y H Y Y M D V W G K G T T V T V S S , S Y A L T Q P P S V S V S P G Q T V T I S C S G D T L G N K Y T S W Y Q Q K P G Q A P L L V I F Q D D K R P S G I S E R F S G S N S G N T A T L T I S E S Q V V D E A D Y Y C Q V C D T S G V V F G G G T Q L T V L ,0
E V Q L V E S G G G P V K P G G S L R L S C A A S G F S F S S Y S M N W V R Q A P G K G L E W V S S M S S I G N Y I Y Y A D S V K G R F T I S R D N A K N S L Y L Q M S S L R A E D T A V Y Y C T R E E N G Y C G N G V C Y D Y W G Q G T L V T V S S , D I Q M T Q S P S S L S A S V G D R V T I T C R A S Q S I G N Y L N W Y Q Q K P G K A P M L M I Y S T S S L Q S G G P S R F S G S G S G T D F T L T I S S L Q P E D F A T Y Y C Q Q S Y K T P P T F G Q G T K V E I ,0
E V Q L V E S G G G L V Q P G G S L R L S C A A S G F T F S S Y E M N W V R Q A P G K G L E W V S Y I S S S G S T I Y Y A D S V K G R F T I S R D N A K N S L Y L Q M N S L R A E D T A V Y Y C A R E V S S W F D P W G Q G T L V T V S S , Q S A L T Q P R S V S G S P G Q S V T I S C T G T S S D V G G Y N Y V S W Y Q Q H P G K A P K L M I Y D V S K R P S G V P D R F S G S K S G N T A S L T I S G L Q A E D E A D Y Y C C S Y A G S Y T F N V V F G G G T K L T V L ,0
E V Q L S E S G G G L V Q S G G S L R L S C V A S G V K F D Y Y A M N W I R Q A P G K G L E W V S G I S N S G D D T Y Y A D S V K G R L T I S R D N S K N T L Y L D I T S L R A E D T G V Y Y C A K V A S Y Y D T S F F Y Y G M E V W G Q G T T V T V S S , S H E L T Q S P S M S V S P G E T A T I A C S G D A L P K Q Y A Y W Y Q Q K P G Q A P V L V I Y K D S E R A S G I P E R F S G S S S G T T V T L T I S G V Q A E D E A E Y Y C Q A A D R N G P V V F G G G T K V T V V ,1
E V Q L V E S G G G L I Q P G G S L R L S C A A S G F T V S S D Y M S W V R Q A P G K G L E W L S V I Y S G G S T Y Y A D S V K G R F T I S R D N S Q S T L Y L Q M N S L R V E D T A M Y Y C A R G G G A F C G R D C Y R N F D Y W G Q G T L V T V S S , D I Q M T Q S P S S L S A S V G D R V T I T C R A S Q S I S S Y L N W Y Q Q K P G K A P K L L I Y A A S S L Q S G V P S R F S G S G S G T D F T L T I S S L Q P E D F A T Y Y C Q Q S Y S T P Q A F G G G T K V E I K ,0
Q I S L K E S G P T L V Q P T Q T L T L T C T F S G F S L S T T G V R V G W I R Q P P G E A L E W L A L I F W N D Y K S Y S P S L K N R L T I T K D T S K N Q V V L T M T N M D P V D T G T Y F C A H T D Y I S D W Y A F W G Q G T L V T V S S , Q S V L T Q P P S V S A A P G Q K V T I T C S G S S S N I G N N D V S W Y Q Q L P G T V P K L L I Y K N N K R P S G I P D R F S A S K S G T S A T L G I T G L Q T G D E S D Y Y C G A W D S S L R V W M F G G G T K L T V L ,1
Q V Q L V Q S G A E V K K P G S S V K V S C K A S G G T F S S Y A I S W V R Q A P G Q G L E W M G G I I P I F G T A N Y A Q K F Q G R V T I T A D E S T S T A Y M E L S S L R S E D T A V Y Y C A R V V G E L S L G A F D I W G Q G T M V T V S S , D I V M T Q T P L S L S V T P G Q P A S I S C K S S Q S L L H S D G K T Y L Y W Y L Q K P G Q S P Q L L I Y E V S N R F S G V P D R F S G S G S G T D F T L K I S R V E A E D V G V Y Y C M Q S I Q L P L T F G G G T K V E I K ,0
Q V Q L Q E S G P G L V K P S Q T L S L T C T V S G G S I S S G S Y Y W S W I R Q P A G K G L E W I G R I Y T S G S T N Y N P S L K S R V T I S V D T S K N Q F S L K L S S V T A A D T A V Y Y C A R D S G Y S G Y D F G W F D P W G Q G T L V T V S S , E I V M T Q S P A S V S V S P G E R A T L S C R A S Q R V S T N L A W Y Q Q R P G Q A P R L L I Y G A S T R A T G I P A R F S G S G S G T E F T L T I T S L Q S E D F A V Y Y C Q Q Y N N W P P T W T F G Q G T K V E I K ,0
Q V Q L Q E S G P G L V K P S E T L S L T C T V S G G S I S S Y Y W S W I R Q P P G K G L E W I G Y I Y Y S G S T N Y N P S L K S R V T I S V D T S K N Q F S L K L S S V T A A D T A V Y Y C A R E R Y N W N S N A F D I W G Q G T M V T V S S , D I Q M T Q S P S S L S A S V G D R V T I T C R A S Q S I S S Y L N W Y Q Q K P G K A P K L L I Y A A S S L Q S G V P S R F S G S G S G T D F T L T I S S L Q P E D F A T Y Y C Q Q S Y S T Q T F G Q G T K V E I K ,0
Q V Q L Q E S G P G L V K P S E T L S L T C T V S G G S I S S Y Y W S W I R Q P P G K G L E W I G Y I Y Y S G S T N Y N P S L K S R V T I S V D T S K N Q F S L K L S S V T A A D T A V Y Y C A R A V R C S S T S C S D A F D I W G Q G T M V T V S S , S S E L T Q D P A V S V A L G Q T V R I T C Q G D S L R S Y Y A S W Y Q Q K P G Q A P V L V I Y G K N N R P S G I P D R F S G S S S G N T A S L T I T G A Q A E D E A D Y Y C N S R D S S G N H P V F G G G T K L T V L ,0
E V Q L V E S G G G L V Q P G G S L R L S C A A S G F T F S T Y W I H W V R Q A P G K G L V W V S R I N T D G S S T T Y A D S V K G R F T I S R D N A K N T L Y L Q M D S L R V E D T A V Y Y C A R A V V G A T N F D Y W G Q G T L V T V S S , A I W M T Q S P S L L S A S T G D R V T I S C R M S Q G I S S Y L A W Y Q Q K P G K A P E L L I Y A A S T L Q S G V P S R F S G S G S G T D F T L T I S C L Q S E D F A T Y Y C Q Q Y Y S F P W T F G Q G T K V E I K ,0
V Q L V E S G G G L V K P G G S L R L S C A A S G F T F A D A W M S W V R Q A P G K G P Q W V G R V K S K T D G E T T D Y A A F V R G R F T I S R D D S K S A L Y L Q M S S L N T E D T A V Y Y C A T D H E M G M G Y F D Y W G Q G T L V T V S S , Q S A L T Q P P S A S G S P G Q S V T I S C T G T S S D V G G Y N Y V S W Y Q Q H P G K A P K L M I Y E V S K R P S G V P D R F S G S K S G N T A S L T V S G L Q A E D E A D Y Y C N S Y A G S D N M S I F G G G T K L T V L ,0
Q V Q L Q E S G P G L V K P S E T L S L T C T V S G G S I G N Y Y W S W I R Q P P G K G L E W I G N I Y F T G S T N Y N P S L K S R V T I S L D T S K N Q F S L K L T S V T A A D T A V Y Y C V R E R S A G W I Y F D Y W G Q G T L V T V S S , Q P A L T Q P A S V S G S P G Q S I T L S C T G T S T D V G T Y D L V S W F Q Q H P G K A P K L M I Y E V N K R P S G V S N R F S G S K S G N T A S L T I S G L Q A E D E A D Y Y C C S Y A G S S T L G V L F G G G T K L I V L ,1
E V Q L V Q S G A E V K K P G E S L R I S C K G S G Y S F T S Y W I S W V R Q M P G K G L E W M G R I D P S D S Y T N Y S P S F Q G H V T I S A D K S I S T A Y L Q W S S L K A S D T A M Y Y C A R H V A A V A G N D A F D I W G Q G T M V T V S S , D I Q M T Q S P S S L S A S V G D R V T I T C R A S Q S I S S Y L N W Y Q Q K P G K A P K L L I Y A A S S L Q S G V P S R F S G S G S G T D F T L T I S S L Q P E D F A T Y Y C Q Q S Y S T P R T F G Q G T K V E I K ,1
E A Q L V E S G G G L V Q P D R S L R L S C A A S G F T F D D Y A M H W V R Q V P G M G L E W V S G I S W N S G T I A Y A D S V K G R F T I S R D N A R N S L Y L Q M N S L R A E D T A L Y Y C A K D G G A G L Y Y N G M D V W G Q G T T V T V S S , E I V L T Q S P G T L S L S P G E R A T L S C R A R Q S V S S S Y L A W Y Q Q K P G Q A P R L L I Y G A S N R A T G I P D R F S G S G S G T D F T L T I S R L E P E D F A V Y Y C Q H Y G S P P L T F G Q G T R L E I K ,1
Q V Q L V E S G G G V V Q P G R S L R L S C A A S G F T F S S Y G M H W V R Q A P G K G L E W V A V I S Y D G S N K Y Y A D S V K G R F T I S R D N S K N T L Y L Q M N S L R A E D T A V Y Y C A K A R N D L G P D A F D I W G Q G T M V T V S S , Q S A L T Q P R S V S G S P G Q S V T I S C T G T S S D V G R Y N Y V S W Y Q Q Y P G K A P K V M I Y D V T K R P S G V P D R F S G S K S G N T A S L T I S G L Q A E D E A E Y Y C C S Y S V T Y T F I F G T A T K V T V L ,0
Q M Q L V Q S G P E V K K P G T S V K V S C K A S G F T F T S S A M Q W V R Q A R G Q R L E W I G W I V V G S G N T N Y A Q K F Q E R V T I T R D M S T S T A Y M E L S S L R S E D T A V Y Y C A A V L G L G S A T Y Y F D Y W G Q G T L V T V S S , S A L T Q P A S V S G S P G Q S I T I S C T G T S S D V G G Y N Y V S W Y Q Q H P G K A P K L M I Y A V S D R P S G V S N R F S G S K S G N T A S L T I S G L Q A E D E A D Y Y C S S Y T S S S T L V V F G G G T K L T V L ,0
Q V Q L V E S G G G V V Q P G G S L R L S C A A S G F T F S S Y G M H W V R Q A P G K G L E W V A F I R Y D G S N K Y Y A D S V K G R F T I S R D N S K N T L Y L Q M N S L R A E D T A V Y Y C A K G T R V W L A T I Y F D Y W G Q G T L V T V S S , D I Q M T Q S P S S L S A S V G D R V T I T C R A S Q S I S S Y L N W Y Q Q K P G K A P K L L I Y A A S S L Q S G V P S R F S G S G S G T D F T L T I S S L Q P E D F A T Y Y C Q Q S Y S T R A L T F G G G T K V E I K ,1
Q V Q L Q Q S G P G L V K P S Q T L S L T C A I S G D S V S S N S A A W N W I R Q S P S R G L E W L G R T Y Y R S K W Y N D Y A V S V K S R I T I N P D T S K N Q F S L Q L N S V T P E D T A V Y Y C A R E K V A G L R S D A F D I W G Q G T M V T V S S , D I Q M T Q S P S S L S A S V G D R V T I T C R A S Q S I S S Y L N W Y Q Q K P G K A P K L L I Y A A S S L Q S G V P S R F S G S G S G T D F T L T I S S L Q P E D F A T Y Y C Q Q S Y S T P W T F G Q G T K V E I K ,1
Q V Q L V Q S G A E V K K P G A S V K V S C K A S G Y T F T G Y Y M H W V R Q A P G Q G L E W M G W I N P N S G G T N Y A Q K F Q G R V T M T R D T S I S T A Y M E L S R L R S D D T A V Y Y C A P R L V D D Y G M D V W G Q G T T V T V S S , D I V M T Q S P L S L P V T P G E P A S I S C R S S Q S L L H S N G Y N Y L D W Y L Q K P G Q S P Q L L I Y L G S N R A S G V P D R F S G S G S G T D F T L K I S R V E A E D V G V Y Y C M Q A L Q T S S Y T F G Q G T K L E I K ,1
E V Q L L E S G G G L V Q P G G S L R L S C A A S G F T F S S Y A M S W V R Q A P G K G L E W V S A I S G S G G S T Y Y A D S V K G R F T I S R D N S K N T L Y L Q M N S L R A E D T A V Y Y C A K T V A S D S S A P E D Y W G Q G T L V T V S S , Q S V L T Q P P S A S G T P G Q R V T I S C S G S S S N I G S N Y V Y W Y Q Q L P G T A P K L L I Y R N N Q R P S G V P D R F S G S K S G T S A S L A I S G L R S E D E A D Y Y C A A W D D S L S G R V F G G G T K L T V L ,1
Q V Q L V E S G G G V V Q P G R S L R L S C A A S G F T F S S N G M H W V R Q A P G K G L E W V A A I W Y D G S N K Y Y A D S V K G R F T I S R D N S K N T L Y V Q M N S L R A E D T A T Y Y C A R D E S M S T M Q I D F W G Q G T L V T V S S , Q S A L T Q P A S V S G S P G Q S I T I S C T G T S S D V G G Y N Y V S W Y Q Q H P G K A P K L M I Y D V S N R P S G V S N R F S G S K S G N T A S L T I S G L Q A E D E A D Y Y C S S Y T S S S T R V F G G G T K L T V L ,0
E V Q L V E S G G G L V Q P G G S L R L S C A A S G F T F S S Y A M S W V R Q A P G K G L E W V S G I S G T G G N T D Y A D S M K G R F T I T R D N P K N T L Y L Q M N S L R A E D T A V Y Y C A K D E R E K Q L L P Y Y M D V W G K G T T V T V S S , E I V L T Q S P A T L S L S P G E R A T L S C R A S Q S V S S Y L A W Y Q Q K P G Q A P R L L I Y D A F N R A T G I P A R F S G S G S G T D F T L T I S S L E P E D F A V Y Y C Q H R N N W P Q T F G Q G T K V E I K ,0
Q V Q L V Q S G A E V K K P G S S V K V S C K A S G G T F S S Y A I S W V R Q A P G Q G L E W M G G I I P I F G I A N Y A Q K F Q G R V T I T A D K S T S T A Y M E L S S L R S E D T A V Y Y C A S P S R G S G S Y H Y P F D I W G Q G T M V T V S S , Q S V L T Q P P S V S G A P G Q R V T I S C T G S S S N I G A G Y D V H W Y Q Q L P G T A P K L L I Y G N S N R P S G V P D R F S G S K S G T S A S L A I T G L Q A E D E A D Y Y C Q S Y D S S L S G Y V F G T G T K V T V L ,1
E V Q L A Q S G A E V K K P G E S L K I S C N G S R N S F S S Y W I G W V R Q M P G R G L E W M G S I F P G D S D T T Y S P S V Q G H V T I S A D E S T S V A Y L Q W G S L K A S D S A M Y Y C A R Q R T G S Y A P D S F D I W G P G T W V T V S S , D I Q M T Q S P S S L S A S V G D R V T I T C Q A S Q D I S N Y L N W Y Q Q K P G K A P K L L I Y D A S N L E T G V P S R F S G S G S G T D F T F T I S S L Q P E D I A T Y Y C Q Q Y D N L P T F G G G T K V E I K ,0
Q L Q L Q E S G S G L V K P S Q T L S L T C A V S G G S I S S G G Y S W S W I R Q P P G K G L E W I G Y I Y H S G S T Y Y N P S L K S R V T I S V D R S K N Q F S L K L S S V T A A D T A V Y Y C A R F N D Y G D Y V G W F D P W G Q G T L V T V S S , E I V L T Q S P G T L S L S P G E R A T L S C R A S Q S V T S N Y L A W F Q Q K P G Q A P R L L V Y G A S S R A T G I P D R F S G S G S G T D F T L T I S R L E P E D F A V Y Y C Q Q Y A S S R T F G Q G T K L E I K ,0
Q V Q L Q E S G P G L V K P S E T L S L T C T V S G G S I S S Y L W H W I R Q P P G R G L E W I G H I G H N G D T I Y N P S L A S R V A I S L D R P K N Q F F L K L T S V S A A D T A V Y Y C A R R V V S M R P V T K D N W L D P W G Q G T L V T V S S , E I V L T Q S P A T L S L S P G E R A T L S C R A S Q D I S D Q L A W Y Q Q K P G Q A P T L L I H D T S N R A T G I P A R F S G S G S G T D F T L T I S S L E P E D F A T Y H C Q Q R S D W P L T F G G G T K V E I K ,1
Q V Q L Q E S G P G L V K P S E T L S L T C T V S G G S I S S Y Y W S W I R Q P P G K G L E W I G Y I Y Y S G S T N Y N P S L K S R V T I S V D T S K N Q F S L K L S S V T A A D T A V Y Y C A S D R E N G S G S Y R D A F D I W G Q G T M V T V S S , Q S A L T Q P A S V S G S P G Q S I T I S C T G T S S D V G G Y N Y V S W Y Q Q H P G K A P K L M I Y E V S N R P S G V P D R F S G S K S G N T A S L T I S G L Q A E D E A D Y Y C S S Y T S S S T L V F G G G T K M T V L ,0
E V Q L V E S G G G L V K P G G S L R L S C A A S G F T F S S Y S M N W V R Q A P G K G L E W V S S I S S S S S Y I Y Y A D S V K G R F T I S R D N A K N S L Y L Q M N S L R A E D T A V Y Y C A R D P Y G D S T L S P L N V D Y W G Q G T L V T V S S , A I R M T Q S P S S F S A S T G D R V T I T C R A S Q G I S S Y L A W Y Q Q K P G K A P K L L I Y A A S T L Q S G V P S R F S G S G S G T D F T L T I S C L Q S E D F A T Y Y C Q Q Y Y S Y P L T F G G G T K V E I K ,1
Q V Q L V E S G G G V V Q P G T S L T L S C A A S G F T F T T Y G F H W V R Q T P G K G L E W L A V I W H D G S K K Y Y A A S V R G R F T F S R D D S E N T L Y L Q M K N L R A E D T A T Y Y C A R D K G S A N W H T N W F D L W G Q G T L V T V S S , E I V L T Q S P G T L S L S P G E R A T L S C R A S R S I S A N N L A W Y Q Q K P G Q A P R L L I Y G A S S R A T D I P D R F S G S G S G T D F T L I I S R L E P E D F A V Y Y C Q Q C G T S P P L T F G G G T K V E I K ,0
H L Q L Q E S G P G L V K P S E T L S L T C T V S G G S V T S S S Y Y W A W I R Q P P G R G L E W I G T I Y Y S G S T Y Y N P S L K S R V T I S V D T S K Y Q F S L R L S S V T A A D T A V Y Y C A R R N D F W S G H T D G F D I W G Q G T V V T V S S , Q T V V T Q E P S F S V S P G G T V T L T C G L S S G S V S T S Y Y P S W Y Q Q T P G Q A P R T L I Y S T N T R S S G V P D R F S G S I L G N K A A L T I T G A Q A D D E S D Y Y C V L Y M G S G I R W V F G G G T K L T V L ,0
Q V Q L V E S G G G V V Q P G G S L R L S C A A S G F T F S S Y G M H W V R Q A P G K G L E W V A F I R Y D G S N K Y Y A D S V K G R F T I S R D N S K N T L Y L Q M N S L R A E D T A V Y Y C A K D P G K Q W L V L S N H P H M Y N W F D P W G Q G T L V T V S S , A I R M T Q S P S S F S A S T G D R V T I T C R A S Q G I S S Y L A W Y Q Q K P G K A P K L L I Y A A S T L Q S G V P S R F S G S G S G T D F T L T I S C L Q S E D F A T Y Y C Q Q Y Y S Y P L L T F G G G T K V E I K ,1
Q V Q L V E S G G G V V Q P G R S L R L S C A A S G F T F S T Y G M H W V R Q A P G K G L E W V A V I S Y D G S N K Y Y A D S V K G R F T I S R D N S K N T L Y L Q M N S L R A E D T A M Y Y C A K H S S G W L T P T H W G Q G T L V T V S S , D I Q M T Q S P S S L S A S V G D R V T I T C R A S Q G I S N Y L A W Y Q Q K P G K V P K L L I Y A A S T L Q S G V P S R F S G S G S G T D F T L T I S S L Q P E D V A T Y Y C Q K Y N S A P L P W T F G Q G T K V E I K ,1
Q V Q L V Q S G A E V K K P G A S V K V S C K A S G Y T F T G Y Y M H W V R Q A P G Q G L E W M G W I N P N S G G T N Y A Q K F Q G R V T M T R D T S I S T A Y M E L S R L R S D D T A V Y Y C A R D L D Y G D Y P D A F D I W G Q G T M V T V S S , Q S A L T Q P A S V S G S P G Q S I T I S C T G T S S D V G G Y N Y V S W Y Q Q H P G K A P K L M I Y D V S N R P S G V S N R F S G S K S G N T A S L T I S G L Q A E D E A D Y Y C S S Y T S S S T L P V V F G G G T K L T V L ,0
E V Q L V E S G G G L V K P G G S L R L S C A A S G F T F S N A W M S W V R Q A P G K G L E W V G R I K S K T D G G T T D Y A A P V K G R F T I S R D D S K N T L Y L Q M N S L K T E D T A V Y Y C T T D P L V G A T G G Y Y Y Y Y G M D V W G Q G T T V T V S S , Q S A L T Q P A S V S G S P G Q S I T I S C T G T S S D V G G Y N Y V S W Y Q Q H P G K A P K L M I Y E V S N R P S G V P D R F S G S K S G N T A S L T I S G L Q A E D E A D Y Y C S S Y T S S W G W V F G G G T K L T V L ,1
Q V Q L V Q S G A E M M N P G A S V K V S C K A S G Y T F T D Y G I S W V R Q A P G L G L E W V G W I S P Y T G N T H Y A Q K F Q G R V T V A A D R S A R T A Y I E F R S L R S D D T A V Y Y C V R D A F W W G S A W D A D N W R T D N W G Q G T L V T V S S , D V V M T Q S P L S L P V T L G Q P A S I S C R A S Q S L V H S D G N T Y L N W F Q Q R P G Q S P R R L I Y Q V S N G D S G V P A R F S G S G S G T D F T L T I S R V E A E D V G V Y Y C M Q G T H W P R S F G Q G T K L E I K ,1
Q V Q L V Q S G A E V K K P G A S V K V S C K A S G Y T F T S Y A M H W V R Q A P G Q R L E W M G W I N A G N G N T K Y S Q K F Q G R V T I T R D T S A S T A Y M E L S S L R S E D T A V Y Y C A R D P T H T P S Y Y Y Y Y G M D V W G Q G T T V T V S S , N F M L T Q P H S V S E S P G K T V T I S C T R S S G S I A S N Y V Q W Y Q Q R P G S A P T T V I Y E D N Q R P S G V P D R F S G S I D S S S N S A S L T I S G L K T E D E A D Y Y C Q S Y D S S A W V F G G G T K L T V L ,1
Q I T L K E S G P T L V K P T Q T L T L T C T F S G F S L S T S G V G V G W I R Q P P G K A L E W L A L I Y W D D D K R Y S P S L K S R L T I T K D T S K N Q V V L T M T N M D P V D T A T Y Y C A H Y I D I V A T Y Y F D Y W G Q G T L V T V S S , D I Q M T Q S P S S L S A S V G D R V T I T C Q A S Q D I S N Y L N W Y Q Q K P G K A P K L L I Y D A S N L E T G V P S R F S G S G S G T D F T F T I S S L Q P E D I A T Y Y C Q Q Y D N L P I T F G G G T K V E I K ,0
Q V Q L M Q S A A E V K K P G A S V K V S C K A S G Y T F T A Y Y M H W V R Q A P G Q G L E W M G W I H P N N G G T N Y A Q K F Q G R V T M T R D T S I S T A Y M E L S R L T S D D T A I Y Y C A R D Y Y Y D N S G Y S S K G G G I D Y W G Q G T L V T V S S , E I V M T Q S P A T L S V S P G E R A T L S C R A S Q S V G N N L A W Y Q Q K P G Q A P R L L I Y D A S T R A T G I P A R F S G S R S G T D F T L T I V S L Q S E D F A V Y Y C Q H Y N N W P P W T F G Q G T K V E I K ,1
Q A Q L V E S G G G L V R P G R S L R L A C E A S G F T F G D F H L A W I R Q A P G Q G L E W I A Y I S P G G S V S Y A D S V K G R F I I S R D R A K T S V H L Q M N G L R A E D T A V Y F C A R A E S S T W I T T Y Y Y G L D V W G N G T T V T V S S , D V R V T Q S P S T L S A S V G D T V T I T C R A S Q S S S S W L T W Y Q Q K P G K A P K L L I Y K T T D L Q M G V P S R F S G S G S G T E F T L T I S D L Q P D D F A T Y Y C Q D Y N T Y T W T F G P G T K V E I K ,1
E V Q L V E S G G G L V Q P G G S L R L S C A A S G F T L S S Y H M N W V R Q A P G K G L E W V S Y I S F T N D I Y Y A D S V K G R F T I S R D N A K N S L Y L E M N S L T A E D T A V Y Y C V G D R D W A F E I W G Q G T M L T V S S , Q S A L T Q P A S V S G S P G Q S I T I S C T G T S R D V G S S N R V S W Y Q Q H P G K A P K L M I Y E D T Q R P S G V S N R F S G S K S G N T A S L T I S G L Q A D D E A D Y H C C S F A W P F R W V F G G G T K V T V L ,1
E V Q L V E S G G G L V K P G G S L R L S C A A S G F T F S N A W M T W V R Q A P G K G L E W V G R I K G K T E H E T L D Y G A P V R G R F A I S R D D S K N T L Y L E M N S L K S D D T A V Y Y C T R E N G K T N D Y Y Y G M D V W G L G T M V T V S S , D M E M T Q S P S S L S T S I G D R V T I S C R A R Q A I G I H L A W F Q Q K P G K I P N L L I Y A A S T L Q S G V P S R F S G S G S G T D F S L T I T N L Q P E D V A T Y Y C Q K Y D S A P L S F G G G T R V E I K ,1
Q A Q L R E S G P G L V R P S Q T L S L T C T V S S G S I F S S G F H W S W I R Q H P Q K G L E W I G Y I L Y S G S T E Y N P S L V G R V T I S G G T S H N Q F S L T L N D V T A A D T A V Y Y C V R G R T T T G A T H Y W G Q G I R V T V S S , I V M T Q S P D S L A V S L G E R A T I N C K S S Q R L L F S P N N R H Y L A W Y Q Q K P G Q S P K L L I Y W A S T R E S G V P D R F S G S G S G T D F T L T I N N L Q A E D V A V Y Y C Q Q Y Y V T P I T F G Q G T R L E I K ,1
Q V Q L Q E S G P G L V K P S G T L S L T C A V S G G S I S S S N W W S W I R Q P P G K G L E W I G E I Y H S G S T N Y N P S L K S R V T I S V D K S K N Q F S L K L S S V T A A D T A V Y Y C A R R A E G Y L T T V T E I D Y W G Q G T L V T V S S , Q T V V T Q E P S F S V S P G G T V T L T C G L S S G S V S T S Y Y P S W Y Q Q T P G Q A P R T L I Y S T N T R S S G V P D R F S G S I L G N K A A L T I T G A Q A D D E S D Y Y C V L Y M G S G I W V F G G G T K L T V L ,1
